id,age,gender,course,study_hours,class_attendance,internet_access,sleep_hours,sleep_quality,study_method,facility_rating,exam_difficulty,exam_score
0,21,female,b.sc,7.91,98.8,no,4.9,average,online videos,low,easy,78.3
1,18,other,diploma,4.95,94.8,yes,4.7,poor,self-study,medium,moderate,46.7
2,20,female,b.sc,4.68,92.6,yes,5.8,poor,coaching,high,moderate,99.0
3,19,male,b.sc,2.0,49.5,yes,8.3,average,group study,high,moderate,63.9
4,23,male,bca,7.65,86.9,yes,9.6,good,self-study,high,easy,100.0
5,24,male,b.com,5.04,85.1,yes,9.4,average,online videos,medium,moderate,70.1
6,20,male,b.sc,4.28,87.0,no,9.1,average,mixed,high,moderate,63.4
7,22,female,ba,4.19,44.9,yes,8.8,good,self-study,high,hard,76.8
8,22,other,b.com,1.06,98.3,yes,5.0,poor,mixed,low,moderate,46.7
9,18,male,bba,3.44,80.9,yes,6.2,good,group study,medium,easy,58.2
10,20,other,bba,7.24,51.6,yes,7.4,good,self-study,high,easy,85.9
11,19,female,b.tech,6.85,43.2,yes,8.5,poor,self-study,high,moderate,74.5
12,24,other,ba,7.4,92.4,yes,8.2,average,coaching,high,moderate,100.0
13,19,other,bba,6.99,90.5,yes,6.4,good,mixed,high,moderate,93.5
14,21,male,b.com,2.91,78.4,yes,6.7,average,online videos,low,easy,51.6
15,23,male,b.sc,7.47,64.8,yes,9.3,poor,self-study,low,moderate,76.8
16,23,male,b.tech,4.56,63.9,yes,8.4,average,mixed,high,moderate,58.6
17,21,male,bba,3.8,53.3,yes,4.7,good,coaching,high,moderate,67.4
18,17,female,b.tech,0.08,47.7,yes,9.0,average,coaching,low,moderate,32.2
19,17,male,b.tech,4.39,97.9,yes,9.1,good,group study,high,moderate,94.3
20,22,female,b.sc,6.23,92.3,yes,4.8,average,mixed,medium,moderate,77.4
21,22,female,bca,0.12,78.6,yes,4.1,poor,mixed,low,moderate,34.5
22,19,female,b.com,7.91,87.2,yes,8.2,good,online videos,high,easy,92.4
23,17,other,b.com,6.75,44.2,yes,9.9,good,group study,low,moderate,80.8
24,20,male,diploma,4.01,54.5,yes,5.4,good,group study,low,moderate,49.5
25,22,other,b.com,7.59,84.0,yes,5.0,average,self-study,high,moderate,76.2
26,21,male,ba,7.66,97.3,yes,9.0,good,online videos,high,easy,91.2
27,17,other,bca,3.73,41.2,yes,8.6,good,self-study,high,moderate,62.3
28,20,male,b.com,0.49,51.2,yes,7.9,average,self-study,medium,easy,31.5
29,18,male,b.tech,5.08,77.5,yes,7.4,average,mixed,high,moderate,77.4
30,24,female,b.com,2.67,63.6,yes,6.9,good,group study,high,moderate,69.1
31,19,female,b.com,3.99,53.0,no,7.7,good,self-study,high,moderate,57.3
32,23,male,b.com,0.4,46.9,yes,4.1,average,online videos,medium,easy,42.9
33,17,female,bca,2.64,72.3,no,8.5,good,self-study,high,hard,53.1
34,19,male,bca,5.14,66.2,yes,5.0,poor,group study,low,moderate,67.2
35,19,other,bca,7.19,61.3,yes,7.8,poor,group study,medium,easy,74.8
36,23,female,b.com,3.78,40.6,yes,9.6,poor,coaching,low,moderate,49.7
37,20,other,bba,3.09,81.5,yes,4.5,good,mixed,low,easy,64.2
38,20,male,diploma,5.11,57.1,no,4.8,good,mixed,low,moderate,69.8
39,19,other,diploma,3.38,50.0,yes,4.4,average,self-study,high,moderate,59.9
40,24,other,b.tech,4.33,44.5,yes,5.5,poor,group study,low,moderate,46.5
41,24,male,b.sc,7.75,69.2,yes,8.6,good,mixed,high,easy,95.4
42,22,other,bba,6.2,51.7,yes,8.1,average,coaching,high,easy,74.6
43,18,female,b.com,0.55,92.6,yes,7.3,good,group study,high,easy,57.7
44,23,other,bca,2.36,69.5,yes,7.6,good,group study,low,easy,58.0
45,17,male,b.tech,3.11,58.3,yes,6.4,poor,group study,high,hard,70.0
46,22,male,b.com,6.9,71.9,yes,6.4,average,online videos,high,moderate,86.5
47,22,other,b.tech,4.55,82.2,yes,7.2,good,coaching,medium,easy,86.3
48,18,male,b.sc,7.04,79.3,yes,4.8,average,online videos,medium,moderate,73.8
49,17,male,diploma,4.47,78.9,yes,8.9,average,self-study,medium,moderate,69.2
50,17,other,b.sc,2.19,44.1,yes,5.3,poor,group study,low,moderate,22.7
51,23,female,b.tech,5.83,86.9,yes,5.9,average,coaching,low,moderate,75.5
52,21,female,bba,6.66,85.4,yes,5.5,poor,coaching,high,hard,100.0
53,18,female,b.sc,0.44,95.5,yes,7.7,average,online videos,low,moderate,36.9
54,21,male,b.com,4.66,90.9,yes,4.2,poor,self-study,low,moderate,66.0
55,23,female,b.sc,6.76,95.5,no,6.2,good,mixed,low,moderate,100.0
56,18,other,bca,7.91,68.2,yes,5.4,good,group study,low,moderate,70.9
57,17,male,ba,2.05,43.8,yes,9.8,good,self-study,low,moderate,51.4
58,24,female,b.tech,0.39,43.7,yes,6.0,average,online videos,medium,hard,25.9
59,24,female,bca,0.6,94.1,yes,8.4,good,online videos,high,moderate,44.2
60,23,other,b.tech,0.08,70.2,yes,4.1,good,group study,high,moderate,29.1
61,22,female,b.tech,0.93,72.0,yes,6.7,good,group study,medium,easy,46.0
62,23,female,b.sc,4.78,96.0,yes,4.6,good,coaching,high,easy,98.2
63,20,other,b.tech,1.54,57.4,yes,6.2,poor,self-study,medium,moderate,37.3
64,18,female,b.com,1.65,61.0,yes,6.6,poor,self-study,high,easy,41.7
65,24,male,bca,7.91,73.3,yes,6.6,poor,coaching,low,easy,100.0
66,24,female,bba,1.29,45.2,yes,4.4,poor,mixed,medium,easy,31.9
67,20,female,b.tech,5.71,82.5,yes,8.0,good,group study,medium,moderate,89.9
68,19,male,b.sc,1.34,54.8,yes,4.6,poor,mixed,high,moderate,41.5
69,17,male,b.tech,4.12,50.3,yes,8.4,good,coaching,medium,moderate,69.5
70,24,other,b.com,3.2,69.4,yes,6.7,good,coaching,medium,moderate,57.2
71,21,other,b.com,4.23,80.6,yes,4.8,poor,coaching,medium,moderate,66.7
72,24,female,b.sc,3.85,68.8,yes,4.9,good,mixed,medium,moderate,76.5
73,22,female,diploma,4.0,68.6,yes,9.1,poor,mixed,high,hard,64.3
74,21,other,b.tech,3.64,90.0,yes,6.9,good,online videos,high,easy,71.9
75,19,other,diploma,4.88,53.2,yes,7.6,good,coaching,high,easy,87.7
76,17,other,b.tech,0.55,51.1,yes,9.4,average,coaching,high,moderate,44.3
77,17,other,bca,5.71,89.0,yes,7.3,good,online videos,medium,moderate,73.7
78,18,female,ba,4.06,86.5,yes,8.8,good,online videos,medium,moderate,74.8
79,22,male,b.com,0.96,68.9,yes,9.4,average,group study,medium,moderate,38.4
80,23,other,b.sc,7.91,57.8,yes,5.8,good,coaching,low,easy,92.3
81,23,female,b.tech,3.07,44.0,yes,7.9,average,self-study,low,easy,52.8
82,18,other,b.com,5.37,48.0,yes,8.4,good,online videos,medium,moderate,64.7
83,20,male,bca,1.59,49.2,yes,5.8,good,coaching,medium,moderate,57.5
84,21,other,b.tech,7.44,67.5,yes,5.7,poor,self-study,medium,moderate,73.6
85,17,other,b.tech,6.88,99.4,yes,9.9,good,self-study,low,moderate,92.1
86,18,female,b.com,4.53,52.7,yes,6.4,good,online videos,high,easy,68.0
87,24,female,b.com,6.76,75.1,yes,9.9,good,online videos,high,easy,84.8
88,21,other,b.tech,6.53,78.4,yes,5.8,poor,mixed,medium,hard,93.2
89,18,female,b.com,4.0,68.5,yes,8.4,poor,self-study,high,easy,44.0
90,21,other,b.sc,4.77,94.6,yes,7.6,poor,group study,high,moderate,79.1
91,18,female,b.com,1.81,61.3,yes,9.0,average,online videos,medium,easy,41.3
92,18,male,b.sc,6.05,77.3,yes,4.1,poor,group study,medium,moderate,70.6
93,24,other,b.sc,4.4,70.5,yes,4.6,average,self-study,medium,easy,74.4
94,21,male,b.sc,5.64,89.9,yes,9.6,average,online videos,high,easy,85.8
95,23,other,b.tech,0.36,54.4,no,4.2,average,group study,high,moderate,21.1
96,20,male,b.sc,7.69,57.1,yes,4.2,poor,online videos,low,easy,60.7
97,23,male,diploma,5.15,53.4,yes,6.4,good,coaching,medium,moderate,65.9
98,17,other,b.com,5.81,62.9,yes,5.7,poor,coaching,medium,moderate,76.0
99,22,female,b.com,1.81,41.8,yes,6.3,good,self-study,low,easy,39.9
100,21,other,b.sc,7.03,59.8,yes,4.3,average,self-study,medium,easy,81.9
101,21,male,b.tech,5.93,58.3,yes,6.9,average,mixed,medium,easy,76.4
102,18,male,b.sc,1.86,80.5,yes,9.0,average,group study,low,moderate,51.6
103,20,other,b.tech,2.33,46.3,yes,4.1,poor,group study,low,moderate,34.5
104,24,male,b.sc,2.69,62.7,yes,6.3,average,mixed,medium,hard,29.6
105,21,male,b.tech,4.87,64.6,yes,8.4,poor,online videos,high,hard,46.8
106,17,male,b.com,1.27,64.7,no,9.8,poor,self-study,medium,easy,54.2
107,23,female,b.sc,5.76,49.1,yes,8.2,good,coaching,medium,moderate,63.9
108,18,female,diploma,7.45,53.8,yes,6.3,average,mixed,low,moderate,62.9
109,22,male,b.com,3.38,96.3,yes,5.4,average,group study,low,moderate,63.7
110,23,female,bca,6.38,67.1,yes,4.9,average,online videos,high,easy,68.4
111,23,female,bca,2.36,41.7,yes,5.3,poor,online videos,low,moderate,19.599
112,22,male,b.tech,0.28,81.1,yes,5.2,average,mixed,low,easy,28.1
113,21,male,b.tech,4.84,77.5,yes,6.5,good,self-study,low,moderate,55.7
114,23,male,b.tech,5.53,84.7,yes,7.5,average,online videos,medium,moderate,58.1
115,22,other,b.com,3.44,49.9,yes,5.1,good,online videos,low,easy,60.6
116,18,male,bca,7.86,59.8,yes,6.5,average,mixed,medium,easy,81.3
117,22,other,bca,1.98,77.6,yes,8.4,average,online videos,high,moderate,46.0
118,17,female,ba,0.98,86.4,yes,6.7,good,self-study,medium,moderate,37.7
119,20,female,b.com,5.49,72.0,yes,6.5,poor,coaching,medium,easy,62.4
120,19,other,bba,5.01,93.6,yes,7.9,average,mixed,low,moderate,83.0
121,24,female,b.com,4.11,53.0,yes,4.5,poor,coaching,medium,easy,53.5
122,20,other,b.tech,2.08,52.8,yes,5.9,poor,mixed,medium,moderate,42.7
123,22,other,b.tech,4.57,74.0,yes,5.4,average,self-study,low,easy,61.5
124,17,other,b.sc,6.35,74.1,no,7.6,poor,mixed,medium,easy,77.5
125,24,other,b.tech,4.27,72.6,yes,7.1,good,mixed,high,easy,77.0
126,17,male,b.com,5.77,53.9,yes,4.2,average,coaching,medium,moderate,65.1
127,23,female,bca,3.03,49.2,yes,5.8,good,online videos,low,hard,60.2
128,21,other,b.com,1.47,87.4,yes,9.5,poor,group study,medium,easy,55.0
129,20,female,bba,1.79,57.0,yes,9.5,average,group study,high,easy,51.4
130,19,male,bca,2.03,90.1,yes,4.6,good,coaching,low,easy,66.0
131,22,other,b.sc,1.64,55.7,yes,6.3,poor,coaching,high,easy,34.6
132,24,female,b.sc,2.97,51.2,yes,7.2,average,self-study,high,easy,49.3
133,18,female,b.tech,2.85,81.8,yes,9.3,good,mixed,low,easy,46.7
134,17,male,b.tech,1.69,61.4,yes,5.3,average,online videos,low,easy,42.6
135,17,other,diploma,4.44,91.2,yes,6.6,poor,mixed,high,hard,77.3
136,22,other,b.tech,3.21,97.6,yes,4.9,good,mixed,high,easy,73.3
137,19,other,b.com,1.62,76.2,no,5.6,good,mixed,high,easy,55.2
138,23,other,b.sc,7.51,82.9,no,4.8,good,self-study,medium,moderate,100.0
139,23,other,b.tech,6.11,95.6,yes,4.5,good,group study,medium,easy,81.0
140,20,female,bba,5.19,41.9,no,5.7,good,mixed,low,easy,73.5
141,22,male,bca,0.97,74.3,yes,6.2,poor,online videos,medium,easy,32.9
142,23,male,bba,4.69,83.3,yes,7.8,poor,coaching,medium,easy,67.8
143,17,female,bba,3.85,46.3,yes,6.1,poor,online videos,medium,moderate,46.5
144,17,other,bca,7.57,98.3,yes,4.9,average,online videos,medium,moderate,79.5
145,17,female,diploma,7.85,44.2,yes,6.2,average,self-study,medium,easy,69.3
146,17,female,b.sc,2.67,61.0,yes,7.6,good,mixed,medium,moderate,50.0
147,21,male,diploma,6.92,70.7,yes,7.5,good,online videos,high,moderate,93.5
148,18,female,bba,0.1,75.9,yes,7.1,poor,mixed,low,moderate,51.6
149,19,female,diploma,1.88,55.5,yes,7.7,poor,coaching,low,easy,47.0
150,23,other,b.tech,2.17,55.0,yes,5.9,poor,mixed,low,easy,34.0
151,17,female,diploma,0.08,57.2,no,4.2,average,online videos,medium,hard,19.599
152,21,male,b.tech,2.82,42.5,yes,5.4,good,mixed,low,hard,55.1
153,20,other,diploma,6.62,55.9,yes,6.0,average,coaching,high,moderate,74.2
154,24,other,b.com,5.4,92.4,yes,5.2,poor,mixed,low,easy,56.3
155,18,other,b.tech,5.0,83.0,yes,5.1,poor,mixed,high,easy,66.7
156,20,female,ba,1.57,42.2,yes,7.8,poor,self-study,medium,moderate,30.9
157,19,male,b.tech,1.05,99.4,yes,9.9,good,mixed,high,moderate,69.1
158,22,female,ba,2.24,47.2,yes,5.1,good,mixed,low,moderate,44.7
159,20,other,b.sc,7.62,96.0,yes,7.0,average,online videos,low,easy,79.2
160,17,other,b.tech,2.62,51.2,yes,9.9,good,self-study,high,moderate,49.0
161,20,other,b.tech,0.67,92.2,no,5.3,good,self-study,medium,moderate,54.8
162,22,other,b.tech,3.25,86.2,yes,6.2,good,self-study,low,moderate,57.0
163,17,other,b.tech,0.37,71.1,yes,5.4,poor,online videos,low,moderate,20.8
164,17,female,ba,3.54,49.0,yes,5.7,poor,self-study,low,moderate,37.0
165,24,female,b.com,4.76,86.9,yes,5.7,average,self-study,low,moderate,61.4
166,18,female,b.com,1.79,91.6,yes,6.1,poor,coaching,high,easy,55.0
167,17,other,b.tech,7.41,84.2,no,6.1,good,coaching,high,moderate,100.0
168,23,female,b.com,5.01,51.4,yes,4.8,good,online videos,high,hard,60.2
169,18,other,b.tech,3.75,91.8,yes,8.9,good,online videos,high,moderate,88.8
170,17,female,ba,5.61,94.0,yes,7.7,good,coaching,high,moderate,100.0
171,21,male,b.tech,2.81,52.4,no,8.8,poor,mixed,medium,moderate,45.7
172,24,male,bca,6.1,93.1,yes,7.1,average,self-study,medium,moderate,81.9
173,17,other,b.tech,6.69,85.4,yes,6.3,average,self-study,low,hard,91.3
174,20,male,b.com,7.11,95.7,yes,6.8,average,coaching,high,moderate,79.1
175,22,female,bba,0.25,59.7,yes,9.0,good,mixed,medium,moderate,41.7
176,24,female,bba,4.36,98.0,yes,8.4,average,mixed,low,easy,73.9
177,21,male,b.sc,0.61,87.9,yes,7.4,good,group study,high,moderate,47.8
178,20,male,b.sc,6.92,93.9,yes,8.4,poor,mixed,low,moderate,81.7
179,17,female,b.tech,1.01,81.1,yes,7.2,average,online videos,low,easy,59.6
180,19,other,b.com,2.36,99.0,yes,4.1,good,mixed,medium,hard,66.3
181,21,male,diploma,7.71,99.4,yes,8.8,good,coaching,high,moderate,100.0
182,24,male,b.sc,0.74,51.7,yes,6.6,poor,mixed,low,moderate,48.5
183,17,female,bba,4.29,42.6,yes,6.3,average,online videos,medium,moderate,52.4
184,21,male,b.com,2.21,64.3,yes,7.5,poor,self-study,low,moderate,41.6
185,18,male,bca,3.06,93.2,yes,6.2,good,coaching,medium,moderate,79.7
186,18,male,b.tech,4.17,77.0,yes,9.5,good,online videos,low,easy,80.3
187,18,other,b.sc,2.57,99.1,yes,9.6,good,group study,low,hard,67.5
188,20,male,b.com,3.98,80.8,yes,9.8,good,coaching,medium,moderate,79.2
189,20,female,b.tech,3.65,47.5,yes,5.9,poor,coaching,high,easy,47.5
190,20,other,b.tech,5.94,63.4,yes,5.2,poor,group study,low,hard,68.5
191,17,male,bca,6.05,93.1,yes,6.8,poor,coaching,high,easy,100.0
192,24,male,bba,4.15,88.1,yes,9.3,average,coaching,high,moderate,70.3
193,17,female,b.com,4.03,99.4,yes,8.1,good,group study,high,moderate,69.4
194,22,male,b.tech,4.0,72.9,yes,9.0,poor,online videos,low,hard,58.6
195,17,male,bca,4.28,83.3,yes,7.4,average,coaching,high,moderate,80.8
196,18,other,ba,0.39,77.8,yes,4.1,average,self-study,low,moderate,50.3
197,22,other,b.com,6.26,75.4,no,9.1,average,coaching,low,hard,86.8
198,24,female,bca,1.98,85.0,yes,4.5,poor,mixed,low,hard,36.5
199,23,other,diploma,2.03,87.6,yes,7.7,poor,online videos,high,moderate,57.4
200,23,female,b.tech,7.67,69.9,yes,4.7,good,self-study,high,easy,75.7
201,19,female,bca,4.37,61.6,yes,9.0,poor,mixed,high,moderate,60.1
202,21,other,bca,2.69,57.0,yes,5.0,good,mixed,low,easy,49.8
203,23,other,diploma,3.87,55.9,no,7.2,poor,coaching,high,easy,42.6
204,19,female,bba,3.49,70.5,yes,9.0,average,coaching,medium,moderate,59.1
205,24,female,b.sc,6.84,99.4,yes,8.4,good,self-study,low,moderate,77.7
206,20,female,ba,4.29,59.4,yes,5.9,poor,online videos,low,moderate,29.2
207,23,male,ba,4.86,76.3,yes,6.0,average,mixed,medium,moderate,73.0
208,17,female,b.sc,2.1,88.3,no,8.5,good,coaching,medium,easy,89.1
209,22,other,b.tech,7.5,71.1,yes,7.2,poor,mixed,high,easy,76.1
210,19,other,ba,4.62,82.8,yes,5.1,average,coaching,high,easy,65.2
211,21,other,b.com,3.92,74.0,yes,5.7,good,group study,high,moderate,74.9
212,24,male,bba,2.2,71.4,yes,5.9,poor,coaching,low,moderate,40.4
213,23,male,b.sc,6.84,88.4,yes,6.5,poor,mixed,high,moderate,90.2
214,24,female,diploma,3.64,98.7,yes,9.6,poor,online videos,high,moderate,55.1
215,20,other,ba,7.74,94.1,yes,7.1,poor,mixed,medium,hard,87.2
216,23,female,diploma,6.95,98.3,yes,4.4,poor,online videos,medium,hard,87.9
217,17,other,b.com,5.21,91.2,yes,4.4,average,mixed,medium,moderate,84.8
218,19,other,b.com,6.56,76.1,yes,4.1,good,online videos,low,hard,79.4
219,19,other,b.com,5.08,93.4,yes,4.6,poor,coaching,high,easy,81.3
220,18,female,b.com,1.38,52.1,yes,6.8,poor,self-study,high,moderate,42.5
221,20,male,bca,0.71,55.0,yes,5.8,average,mixed,high,moderate,28.3
222,17,other,bca,1.04,99.4,yes,7.2,average,group study,medium,easy,43.8
223,17,male,diploma,0.54,45.9,yes,4.6,poor,online videos,medium,easy,23.7
224,18,other,b.tech,1.34,55.2,yes,9.7,good,group study,low,easy,34.0
225,23,female,bca,7.91,99.4,no,5.5,average,self-study,low,moderate,97.3
226,24,male,b.com,1.44,78.0,no,8.7,poor,self-study,medium,moderate,45.3
227,18,male,b.sc,6.23,71.1,yes,8.2,average,online videos,high,easy,76.3
228,21,other,b.sc,7.78,52.7,yes,4.1,good,coaching,high,moderate,84.9
229,21,other,bca,3.7,52.0,yes,9.2,good,coaching,low,easy,67.2
230,23,other,bba,3.86,78.7,yes,4.5,good,online videos,medium,moderate,59.3
231,23,other,diploma,1.37,63.0,yes,4.1,average,online videos,medium,moderate,21.7
232,17,male,b.com,6.77,93.6,yes,7.5,poor,mixed,low,easy,78.1
233,18,female,bba,1.43,43.6,yes,6.0,good,coaching,high,hard,45.6
234,17,female,diploma,7.05,41.0,yes,4.8,good,mixed,high,moderate,74.1
235,17,female,bca,2.69,88.9,yes,7.4,poor,group study,low,moderate,69.6
236,17,female,b.sc,5.56,61.9,yes,5.6,average,self-study,high,moderate,80.9
237,24,male,diploma,0.1,74.4,yes,9.7,poor,coaching,high,moderate,31.3
238,24,male,diploma,3.01,76.8,yes,8.9,good,self-study,medium,moderate,75.2
239,24,male,b.tech,0.51,91.7,yes,8.7,good,group study,low,moderate,43.3
240,17,other,bba,0.35,77.9,yes,4.1,poor,online videos,medium,easy,41.2
241,21,male,b.tech,1.6,80.8,yes,7.3,good,self-study,low,moderate,61.7
242,23,male,bba,7.39,48.1,no,6.0,poor,group study,low,moderate,68.3
243,24,female,b.com,6.33,97.2,yes,7.4,good,mixed,low,moderate,78.8
244,19,female,b.com,7.19,69.1,yes,8.2,good,group study,high,moderate,79.8
245,18,male,ba,0.23,55.7,no,5.1,good,coaching,low,moderate,38.2
246,24,female,b.sc,6.53,94.8,yes,7.2,good,coaching,low,moderate,81.0
247,22,male,b.sc,7.6,91.6,yes,8.9,poor,self-study,high,hard,86.3
248,19,female,b.com,7.72,92.1,no,9.5,good,online videos,high,easy,86.8
249,18,other,b.sc,3.93,69.2,yes,9.0,average,online videos,medium,easy,60.7
250,24,male,bba,1.23,98.7,yes,8.1,poor,group study,low,easy,57.7
251,19,other,bba,5.77,94.7,yes,9.0,good,coaching,medium,hard,89.3
252,17,female,bca,7.28,83.7,yes,6.3,good,coaching,low,easy,89.4
253,20,male,bca,1.87,72.8,yes,5.2,poor,mixed,low,hard,29.2
254,18,other,bba,2.74,82.1,yes,6.7,average,mixed,medium,easy,48.2
255,23,other,b.com,0.65,83.9,yes,7.9,good,mixed,low,moderate,53.1
256,17,female,bba,4.37,97.3,yes,7.7,average,mixed,high,moderate,73.2
257,21,other,bba,3.29,61.4,yes,9.0,poor,online videos,medium,easy,49.4
258,18,other,ba,1.34,92.9,yes,8.0,poor,group study,low,moderate,43.7
259,22,male,ba,6.19,66.8,yes,9.1,good,self-study,low,moderate,74.7
260,18,male,b.sc,5.14,88.6,yes,8.7,poor,mixed,medium,moderate,67.1
261,20,other,b.tech,3.06,89.8,yes,5.2,average,self-study,medium,easy,65.5
262,20,female,ba,7.31,99.1,yes,9.9,poor,online videos,low,moderate,77.2
263,24,female,ba,4.91,79.8,yes,9.4,good,self-study,low,easy,53.5
264,18,male,diploma,4.94,44.7,yes,8.1,poor,self-study,low,moderate,38.8
265,18,female,bba,3.9,90.5,yes,7.5,good,self-study,low,moderate,55.7
266,21,other,bca,4.01,81.7,yes,6.2,good,mixed,low,moderate,66.2
267,23,other,b.tech,7.26,66.4,yes,9.9,average,mixed,low,moderate,85.0
268,23,male,b.tech,5.73,60.5,yes,5.3,good,self-study,high,moderate,65.1
269,23,other,b.com,6.48,86.7,yes,7.4,poor,mixed,high,easy,77.4
270,17,male,bba,5.4,82.6,yes,9.1,good,coaching,medium,moderate,86.4
271,19,other,bca,2.57,95.3,yes,5.6,average,coaching,medium,hard,60.7
272,22,male,b.sc,2.51,74.5,yes,8.1,good,group study,high,easy,64.4
273,20,other,b.com,0.81,66.6,yes,5.0,average,group study,low,moderate,48.0
274,23,male,b.sc,7.13,62.9,yes,9.4,good,online videos,high,easy,91.5
275,18,female,bca,7.8,80.0,yes,9.3,good,mixed,low,moderate,100.0
276,20,other,ba,0.58,71.4,yes,5.7,average,coaching,high,moderate,52.7
277,17,male,b.com,2.61,64.6,no,4.5,average,coaching,high,hard,60.5
278,18,other,bba,1.69,73.3,yes,9.7,good,coaching,high,easy,85.9
279,23,male,b.tech,3.29,99.1,yes,5.0,poor,mixed,high,moderate,59.6
280,17,other,b.com,2.62,48.6,no,7.3,poor,group study,high,easy,42.4
281,23,male,ba,5.01,51.1,yes,4.9,good,group study,low,easy,63.0
282,23,male,bca,3.56,94.3,no,7.2,poor,group study,high,moderate,74.9
283,17,male,b.tech,3.17,92.6,yes,5.0,good,mixed,high,easy,79.1
284,23,female,bca,7.19,97.5,yes,7.8,good,coaching,low,moderate,81.2
285,21,other,bba,0.08,43.6,yes,5.5,good,self-study,high,hard,26.4
286,19,other,bba,6.42,70.8,yes,9.5,good,self-study,high,moderate,100.0
287,24,male,ba,1.01,88.6,yes,5.5,good,coaching,high,moderate,61.6
288,17,female,b.tech,5.61,88.9,yes,7.0,good,mixed,medium,easy,80.1
289,24,male,b.tech,2.85,77.0,yes,4.4,average,self-study,medium,moderate,50.5
290,20,other,diploma,1.72,83.9,no,9.0,poor,self-study,low,moderate,53.1
291,22,male,b.sc,2.78,57.7,yes,8.0,good,online videos,high,moderate,69.3
292,20,male,b.com,7.63,61.7,yes,4.2,average,coaching,low,moderate,90.0
293,18,other,b.com,3.48,57.6,yes,6.2,average,coaching,low,moderate,46.6
294,17,other,diploma,5.01,51.7,yes,9.0,good,self-study,low,moderate,71.8
295,23,male,b.sc,6.91,56.5,yes,4.3,average,group study,high,moderate,70.0
296,18,female,b.tech,4.13,77.0,yes,5.9,average,self-study,low,moderate,57.5
297,22,male,b.com,5.86,95.9,yes,7.6,good,online videos,low,easy,67.0
298,22,female,b.tech,6.67,56.6,yes,8.4,good,online videos,high,easy,79.8
299,19,female,diploma,2.03,89.2,yes,7.9,good,mixed,low,easy,51.9
300,19,male,ba,7.46,56.6,yes,5.8,poor,coaching,high,hard,80.4
301,24,male,bca,0.62,40.9,yes,4.9,good,self-study,medium,moderate,30.5
302,21,female,b.tech,4.33,97.5,yes,5.7,good,online videos,high,moderate,78.1
303,22,male,b.tech,6.19,93.3,yes,8.8,poor,coaching,high,moderate,88.1
304,24,female,ba,4.25,91.1,yes,7.4,average,online videos,high,easy,77.6
305,17,other,b.tech,0.08,76.9,yes,5.9,average,coaching,medium,moderate,42.6
306,24,female,b.com,7.23,61.7,yes,8.6,average,online videos,low,moderate,76.3
307,19,other,b.sc,0.44,94.5,yes,5.2,good,mixed,high,easy,53.4
308,21,female,b.tech,6.86,40.6,yes,4.3,average,group study,low,moderate,56.9
309,18,other,b.com,0.88,46.1,yes,4.1,good,self-study,medium,moderate,29.4
310,19,female,b.com,6.21,89.1,yes,9.9,average,group study,low,easy,73.0
311,21,male,b.tech,3.62,71.5,yes,6.3,average,group study,medium,easy,55.5
312,22,female,b.tech,4.67,85.5,yes,4.1,poor,online videos,medium,moderate,45.2
313,17,other,b.com,0.84,77.9,yes,7.2,average,self-study,low,easy,23.2
314,19,other,b.com,5.69,70.2,yes,6.2,good,group study,low,hard,69.1
315,17,other,bca,4.99,93.5,yes,8.1,poor,self-study,low,moderate,61.0
316,23,female,bba,4.64,77.4,yes,9.2,average,online videos,medium,moderate,63.1
317,18,other,b.tech,0.08,50.5,yes,5.8,poor,group study,low,easy,19.599
318,17,other,diploma,7.5,68.5,yes,5.9,good,online videos,low,moderate,75.8
319,17,male,bba,6.29,65.2,yes,9.9,average,group study,medium,moderate,81.5
320,21,other,b.tech,0.28,88.5,yes,4.3,average,group study,medium,moderate,42.6
321,23,male,b.com,4.79,90.6,yes,9.9,poor,mixed,low,moderate,80.7
322,24,male,b.tech,6.14,61.1,yes,5.5,good,mixed,high,moderate,70.6
323,23,female,bca,2.86,97.7,no,6.9,poor,self-study,medium,easy,58.5
324,17,other,b.tech,0.97,81.0,no,8.9,poor,group study,medium,moderate,48.4
325,24,male,b.sc,6.78,43.2,yes,8.5,poor,mixed,low,moderate,68.5
326,20,male,ba,5.39,90.0,yes,8.2,average,online videos,medium,moderate,76.4
327,18,male,b.tech,6.26,91.2,no,4.3,average,group study,low,moderate,77.7
328,22,other,b.com,2.56,99.1,no,7.2,average,self-study,medium,moderate,56.4
329,18,female,bca,3.44,97.3,yes,4.6,good,group study,high,easy,69.5
330,21,male,b.tech,0.4,52.2,yes,9.6,good,self-study,low,moderate,50.2
331,24,male,diploma,2.22,78.2,yes,5.5,average,coaching,high,easy,51.8
332,18,female,bba,5.68,83.3,yes,5.3,poor,mixed,high,easy,76.8
333,20,male,diploma,2.76,40.6,yes,9.7,poor,self-study,high,hard,39.9
334,20,male,b.com,4.66,42.3,no,5.6,good,coaching,high,easy,62.7
335,24,other,diploma,2.08,62.1,yes,4.4,average,group study,low,moderate,28.1
336,17,other,b.com,6.88,79.9,yes,9.4,good,online videos,medium,moderate,83.4
337,19,male,diploma,2.98,49.1,yes,6.8,poor,group study,medium,easy,39.9
338,23,male,b.tech,5.11,48.1,yes,7.9,poor,self-study,high,moderate,53.3
339,19,female,b.com,6.0,60.9,yes,9.7,good,group study,high,easy,66.7
340,21,male,b.com,3.68,73.6,yes,5.2,poor,mixed,low,easy,59.3
341,24,female,bba,1.58,72.2,yes,8.1,average,self-study,high,moderate,56.5
342,18,male,b.com,4.52,82.7,no,7.7,good,coaching,medium,moderate,67.9
343,17,male,b.tech,6.02,65.6,yes,6.4,average,self-study,high,moderate,78.4
344,18,male,b.sc,7.85,68.2,yes,5.5,good,online videos,high,easy,92.9
345,23,female,diploma,2.58,99.4,yes,8.0,average,group study,high,easy,67.7
346,18,female,diploma,7.46,73.2,yes,4.1,average,online videos,medium,hard,69.1
347,21,female,bca,1.88,55.4,yes,5.9,average,online videos,low,moderate,39.5
348,19,male,b.tech,7.4,50.3,yes,5.8,poor,coaching,high,moderate,72.4
349,20,female,diploma,5.33,49.4,yes,8.9,average,mixed,high,moderate,72.0
350,17,other,b.com,1.64,89.3,yes,4.4,good,coaching,high,moderate,76.2
351,18,female,ba,1.41,49.1,yes,6.6,poor,coaching,high,moderate,47.9
352,21,other,bba,7.02,76.4,yes,4.4,good,online videos,medium,easy,78.9
353,19,female,ba,3.55,88.5,yes,7.7,good,online videos,high,moderate,62.3
354,20,female,bba,1.53,62.0,yes,6.2,poor,online videos,high,easy,20.8
355,24,female,b.tech,4.0,76.4,yes,5.5,poor,group study,low,moderate,62.0
356,21,other,b.sc,2.74,76.3,yes,5.6,average,online videos,low,easy,48.9
357,21,other,diploma,0.08,64.3,yes,4.3,good,group study,high,easy,49.6
358,24,male,ba,3.64,86.9,yes,4.9,good,self-study,high,moderate,75.3
359,20,male,bca,6.13,80.5,yes,4.6,average,mixed,low,moderate,85.0
360,23,other,bba,5.84,43.8,yes,4.4,average,group study,high,easy,72.0
361,17,male,b.sc,5.06,68.2,yes,6.9,good,group study,medium,moderate,71.4
362,22,male,b.sc,7.7,86.5,yes,9.6,average,group study,low,easy,94.7
363,18,male,b.com,5.58,63.1,yes,6.6,poor,group study,medium,moderate,71.1
364,19,other,diploma,4.41,67.2,yes,4.6,average,coaching,high,hard,70.3
365,21,female,ba,3.66,80.2,yes,6.2,good,mixed,medium,easy,65.3
366,20,other,b.sc,7.76,75.4,yes,8.9,poor,self-study,high,hard,84.9
367,24,female,bca,4.25,47.5,yes,6.3,poor,mixed,low,easy,43.5
368,22,female,b.tech,4.88,75.8,yes,8.0,good,mixed,low,moderate,58.1
369,21,male,bca,3.76,97.1,no,6.2,good,online videos,low,easy,63.4
370,17,female,b.com,5.41,69.6,yes,6.4,good,self-study,medium,easy,84.7
371,18,male,diploma,6.14,72.1,yes,8.5,good,mixed,high,moderate,92.2
372,19,female,bba,5.05,57.0,yes,8.4,average,mixed,high,moderate,63.8
373,19,female,b.tech,6.13,74.8,no,4.9,average,mixed,high,hard,68.4
374,22,female,b.tech,2.69,47.9,yes,6.5,average,group study,medium,hard,59.4
375,21,other,diploma,6.85,73.3,yes,8.9,poor,online videos,medium,moderate,65.4
376,22,female,ba,3.05,90.8,yes,9.6,average,coaching,medium,easy,73.9
377,23,other,bba,1.82,77.6,yes,8.2,average,mixed,medium,easy,52.7
378,21,female,b.tech,3.45,66.2,yes,9.0,poor,group study,high,easy,51.8
379,20,male,b.tech,2.14,63.4,yes,5.1,average,self-study,medium,easy,46.3
380,22,other,ba,3.1,77.9,yes,8.1,good,online videos,low,hard,74.7
381,24,male,b.com,6.36,60.8,yes,4.8,good,group study,high,easy,74.8
382,17,other,bca,3.18,80.4,yes,6.0,good,mixed,medium,moderate,59.3
383,21,other,b.sc,3.0,54.9,yes,4.7,good,mixed,medium,hard,43.3
384,17,other,bca,4.04,77.6,yes,5.5,good,online videos,low,hard,53.6
385,20,other,b.com,3.23,47.1,yes,7.4,good,online videos,medium,hard,51.7
386,17,male,b.com,5.4,69.4,yes,7.7,average,coaching,high,moderate,75.2
387,20,other,b.tech,6.05,53.6,yes,5.3,poor,coaching,low,moderate,59.2
388,21,other,diploma,0.11,58.0,yes,9.2,good,mixed,high,hard,44.9
389,23,other,b.tech,4.67,99.1,yes,5.7,average,mixed,high,moderate,63.1
390,21,male,b.sc,2.69,49.8,yes,9.9,poor,self-study,medium,moderate,62.0
391,19,other,b.com,0.82,72.0,yes,4.2,average,coaching,low,hard,44.9
392,23,other,bca,3.0,96.4,yes,6.9,average,online videos,low,moderate,52.9
393,18,male,diploma,4.54,65.3,yes,4.5,poor,group study,medium,moderate,33.6
394,24,male,ba,0.15,46.2,yes,9.9,good,mixed,medium,easy,40.3
395,22,other,b.com,4.05,85.4,yes,5.6,average,mixed,low,easy,60.1
396,20,male,bca,6.6,77.9,no,8.2,average,mixed,high,easy,96.4
397,21,female,ba,4.42,53.8,yes,4.8,poor,mixed,medium,easy,47.6
398,18,female,b.com,3.75,83.2,yes,7.0,average,self-study,high,moderate,52.2
399,20,female,b.sc,6.85,86.4,yes,4.1,poor,group study,medium,moderate,74.3
400,22,male,b.com,7.34,49.4,yes,7.7,poor,self-study,medium,easy,70.6
401,23,female,b.sc,5.64,99.4,yes,5.1,average,self-study,medium,hard,66.2
402,24,female,bba,2.92,82.7,yes,9.9,average,coaching,high,moderate,67.6
403,19,female,ba,5.27,90.8,yes,6.1,good,coaching,low,easy,88.3
404,21,other,ba,0.67,84.4,yes,9.3,good,coaching,low,easy,50.4
405,19,male,ba,2.69,47.4,yes,8.9,poor,coaching,medium,moderate,69.1
406,18,other,diploma,2.84,99.4,yes,6.1,poor,coaching,low,moderate,57.5
407,21,other,b.tech,4.23,47.0,no,5.5,good,online videos,medium,easy,53.4
408,22,other,b.tech,4.98,97.4,yes,6.2,poor,self-study,medium,moderate,77.2
409,24,female,b.sc,4.59,95.0,yes,5.0,poor,self-study,medium,moderate,53.1
410,23,other,b.com,0.25,62.6,yes,9.4,average,coaching,medium,hard,41.5
411,24,male,b.sc,4.79,96.0,yes,4.6,poor,coaching,low,easy,77.8
412,20,male,b.sc,0.77,79.4,yes,7.5,poor,self-study,medium,easy,35.3
413,18,other,b.com,4.29,85.6,no,8.8,average,mixed,high,moderate,62.1
414,21,male,b.tech,0.33,96.4,yes,7.5,good,online videos,high,moderate,46.9
415,20,other,bba,0.76,47.0,yes,9.2,good,self-study,medium,moderate,38.6
416,19,female,b.sc,3.57,53.3,yes,8.7,average,online videos,low,moderate,55.1
417,23,female,b.tech,2.03,86.7,yes,7.0,average,coaching,high,moderate,57.7
418,19,female,diploma,0.26,85.7,yes,7.5,poor,group study,medium,easy,41.4
419,24,other,b.sc,6.49,88.4,yes,9.6,poor,self-study,low,moderate,80.0
420,18,male,bca,6.21,80.2,yes,6.4,average,online videos,medium,easy,79.2
421,19,male,ba,4.64,93.0,yes,4.3,average,self-study,medium,moderate,64.0
422,24,male,b.tech,3.93,61.2,yes,8.8,average,online videos,low,hard,55.6
423,20,female,diploma,3.31,88.7,yes,8.0,good,self-study,high,easy,61.3
424,21,other,bba,6.58,57.7,no,6.0,average,online videos,low,moderate,61.9
425,24,other,bca,5.9,63.4,yes,7.3,average,mixed,medium,moderate,66.3
426,21,other,bca,4.87,43.1,yes,5.1,average,coaching,low,moderate,58.6
427,21,male,b.tech,5.68,58.2,yes,9.2,good,group study,low,easy,82.5
428,19,other,b.com,1.47,84.6,yes,4.1,poor,online videos,high,moderate,50.7
429,22,other,diploma,2.02,71.1,yes,8.9,good,coaching,low,easy,54.8
430,22,female,b.tech,5.94,61.6,no,6.0,poor,self-study,medium,easy,48.8
431,22,male,b.tech,7.16,50.3,no,4.9,good,mixed,medium,moderate,81.3
432,18,female,diploma,0.57,72.8,yes,6.5,good,online videos,high,moderate,57.6
433,19,other,b.com,6.79,84.4,yes,8.1,average,group study,medium,moderate,87.8
434,23,female,diploma,6.64,57.4,yes,4.1,average,coaching,medium,hard,69.4
435,19,female,b.com,7.91,51.2,yes,7.4,average,self-study,high,moderate,80.8
436,22,male,bca,1.56,47.0,yes,8.3,average,online videos,medium,easy,40.4
437,19,male,diploma,1.18,54.8,yes,9.8,average,group study,medium,moderate,30.6
438,23,other,b.sc,7.0,92.6,yes,7.9,good,online videos,low,moderate,83.7
439,22,female,b.sc,4.86,43.6,yes,6.0,average,coaching,low,moderate,89.1
440,24,female,b.sc,6.66,99.4,yes,6.4,average,group study,high,hard,89.4
441,18,other,b.tech,5.98,96.3,yes,5.6,average,self-study,medium,moderate,82.3
442,24,other,bba,4.07,66.6,yes,4.5,poor,coaching,medium,easy,67.3
443,24,female,b.sc,2.55,77.0,yes,7.6,good,online videos,low,moderate,64.6
444,18,other,bca,3.03,90.3,yes,5.7,poor,mixed,low,hard,46.8
445,17,male,diploma,6.95,69.5,yes,6.7,good,group study,medium,moderate,82.8
446,22,female,b.sc,4.79,66.2,yes,6.0,average,coaching,medium,moderate,71.7
447,17,other,b.sc,2.68,42.0,yes,5.3,poor,coaching,low,moderate,19.599
448,21,other,diploma,3.82,74.4,yes,6.9,average,online videos,high,moderate,54.6
449,19,female,bba,7.04,93.0,yes,5.4,poor,mixed,low,moderate,80.5
450,18,female,b.sc,7.85,89.4,yes,6.2,poor,self-study,low,easy,77.3
451,23,male,bca,3.64,50.3,no,6.1,good,online videos,medium,moderate,57.7
452,18,female,diploma,2.7,91.1,yes,9.2,poor,online videos,low,hard,59.4
453,24,female,b.sc,1.03,47.3,yes,7.7,good,mixed,medium,moderate,50.9
454,19,female,b.tech,4.56,81.9,yes,8.5,average,online videos,high,easy,72.5
455,18,female,b.sc,0.12,62.9,yes,4.8,average,coaching,medium,moderate,25.5
456,21,female,b.tech,7.33,71.8,yes,6.3,poor,online videos,high,moderate,63.2
457,21,male,bba,0.17,59.4,yes,5.6,good,self-study,low,moderate,39.4
458,20,male,b.tech,7.01,57.9,yes,6.7,good,mixed,high,moderate,63.6
459,22,other,diploma,1.7,82.1,yes,9.6,average,coaching,low,moderate,68.7
460,17,female,b.tech,2.88,55.0,yes,7.5,average,online videos,medium,hard,59.2
461,18,female,ba,0.08,40.7,yes,6.1,poor,mixed,low,easy,19.599
462,22,other,bba,6.06,74.8,yes,4.4,good,online videos,low,easy,81.5
463,23,other,b.tech,6.67,79.6,yes,7.7,good,coaching,low,moderate,72.7
464,21,male,ba,4.82,50.3,yes,9.8,poor,online videos,medium,moderate,40.8
465,17,other,b.tech,7.3,97.3,yes,7.3,average,coaching,low,moderate,89.1
466,24,other,ba,4.27,69.2,yes,6.8,poor,self-study,low,easy,50.8
467,19,female,b.tech,3.19,75.3,yes,7.6,poor,coaching,medium,easy,74.6
468,20,female,bba,1.11,58.8,no,9.3,average,coaching,low,moderate,31.9
469,23,other,bca,5.84,70.7,yes,6.9,good,mixed,low,moderate,75.8
470,18,male,bca,4.59,49.2,yes,4.4,average,coaching,medium,easy,74.3
471,23,female,bca,5.21,93.2,yes,9.5,poor,mixed,low,moderate,61.3
472,17,other,diploma,6.78,73.8,yes,8.2,poor,coaching,medium,moderate,64.8
473,19,other,b.sc,6.41,62.3,no,6.5,good,self-study,high,moderate,99.5
474,22,female,bca,0.08,64.6,yes,5.5,good,group study,low,easy,54.2
475,24,female,bca,2.9,56.6,yes,9.2,poor,group study,high,moderate,57.0
476,20,female,b.tech,2.88,63.2,yes,4.5,average,coaching,low,easy,43.6
477,18,other,bba,5.95,75.2,yes,7.0,average,online videos,low,easy,70.8
478,22,other,b.sc,2.49,74.1,yes,8.3,poor,online videos,high,moderate,35.6
479,24,female,b.tech,7.25,97.8,yes,6.8,average,online videos,low,moderate,65.3
480,21,female,b.tech,6.47,60.2,yes,9.7,average,group study,medium,easy,74.9
481,22,male,b.tech,2.4,87.2,no,9.2,poor,group study,medium,moderate,55.0
482,18,female,b.tech,2.07,98.2,yes,8.6,average,mixed,medium,easy,52.4
483,18,other,diploma,6.13,87.2,yes,4.7,poor,mixed,high,moderate,91.4
484,17,other,b.tech,1.69,89.4,yes,8.5,poor,self-study,low,moderate,50.5
485,21,other,b.com,6.41,86.2,yes,8.0,good,online videos,high,easy,84.4
486,18,other,b.com,2.85,72.0,yes,6.3,good,mixed,low,easy,48.4
487,23,male,ba,3.81,90.7,yes,4.9,average,online videos,medium,moderate,63.5
488,17,male,bba,7.01,92.2,yes,9.2,poor,online videos,medium,moderate,77.0
489,19,other,ba,2.36,68.0,yes,5.2,average,self-study,low,easy,42.8
490,19,male,b.sc,3.65,54.9,yes,6.3,poor,coaching,low,moderate,62.4
491,18,female,b.tech,7.11,52.6,yes,9.4,poor,self-study,high,moderate,79.4
492,22,male,b.com,5.9,69.8,yes,9.6,poor,online videos,medium,moderate,71.1
493,18,other,b.sc,0.22,66.9,yes,7.2,average,self-study,low,moderate,36.4
494,17,female,b.com,6.2,96.8,yes,6.8,good,coaching,high,moderate,100.0
495,19,female,b.com,7.91,93.6,yes,8.6,poor,group study,low,moderate,91.9
496,22,other,bba,2.29,53.3,yes,4.5,average,group study,low,moderate,39.5
497,21,other,diploma,3.12,77.3,yes,8.7,average,online videos,high,moderate,45.5
498,21,male,diploma,5.29,63.1,yes,9.9,poor,mixed,low,moderate,67.7
499,20,female,b.com,7.69,98.5,yes,7.1,poor,self-study,high,moderate,81.2
500,19,male,bca,4.66,81.8,yes,5.7,good,coaching,low,easy,78.3
501,18,female,bca,2.42,57.2,yes,9.6,average,group study,low,moderate,42.7
502,20,male,b.tech,5.67,85.6,no,7.9,good,mixed,medium,hard,92.6
503,22,male,b.sc,6.94,72.8,yes,5.5,poor,mixed,medium,easy,84.4
504,18,other,ba,7.67,71.0,yes,9.9,good,self-study,low,moderate,63.9
505,24,male,bca,4.75,79.1,yes,9.0,average,online videos,medium,moderate,77.0
506,20,male,b.tech,7.14,61.2,yes,7.2,poor,mixed,high,moderate,71.3
507,20,female,diploma,5.31,92.3,yes,4.1,good,coaching,high,hard,84.4
508,21,other,b.sc,7.75,75.4,yes,5.6,average,coaching,high,moderate,82.9
509,23,other,bca,4.62,81.9,yes,7.6,average,group study,high,moderate,78.1
510,20,other,b.com,1.81,91.1,yes,8.1,poor,group study,low,moderate,67.6
511,21,female,bca,5.71,99.4,yes,8.6,average,self-study,medium,moderate,67.1
512,21,male,bca,5.23,99.4,yes,8.1,poor,coaching,low,moderate,67.0
513,23,other,b.sc,2.24,56.1,yes,4.5,poor,group study,medium,easy,48.8
514,21,female,ba,4.67,87.8,yes,8.0,good,online videos,medium,moderate,79.0
515,19,male,ba,3.42,58.2,yes,9.9,poor,online videos,medium,moderate,63.6
516,20,female,b.tech,7.63,79.5,yes,7.9,average,online videos,low,easy,96.2
517,23,female,b.sc,0.08,78.1,yes,8.1,average,online videos,low,moderate,46.2
518,20,female,b.tech,7.3,58.0,yes,9.0,average,online videos,medium,hard,70.7
519,20,female,diploma,6.9,86.3,yes,9.9,good,coaching,medium,moderate,93.7
520,17,male,b.sc,0.08,49.3,yes,8.4,average,self-study,high,moderate,38.5
521,22,other,b.sc,0.2,81.5,yes,9.3,average,mixed,low,moderate,33.1
522,22,other,b.sc,7.91,82.0,yes,5.6,average,online videos,low,moderate,78.1
523,21,female,b.sc,7.91,86.6,yes,7.1,good,self-study,low,moderate,87.5
524,18,other,bca,0.74,57.8,yes,5.0,poor,group study,high,easy,39.3
525,21,other,b.tech,3.59,43.6,yes,7.2,average,self-study,low,easy,33.6
526,22,female,diploma,1.45,80.5,yes,5.5,good,mixed,low,moderate,33.9
527,22,other,b.tech,3.36,54.7,yes,5.0,good,self-study,medium,moderate,42.5
528,21,male,b.sc,5.71,89.7,yes,4.1,average,self-study,high,moderate,57.4
529,21,other,ba,0.62,79.5,yes,8.0,poor,coaching,medium,easy,40.7
530,17,other,bba,7.61,48.6,yes,9.4,good,coaching,medium,moderate,79.6
531,17,female,bca,6.32,95.3,yes,5.3,good,coaching,low,easy,72.0
532,17,other,b.sc,6.43,61.8,yes,4.1,good,online videos,low,moderate,59.6
533,21,other,b.com,1.83,70.5,yes,5.8,good,online videos,low,moderate,33.1
534,21,male,b.com,2.81,42.8,yes,8.5,poor,mixed,medium,moderate,41.8
535,20,male,b.com,0.15,79.6,yes,6.9,good,self-study,low,moderate,24.7
536,18,male,bca,1.54,53.3,yes,6.6,good,group study,medium,easy,56.4
537,22,male,b.tech,7.03,75.6,yes,6.7,good,coaching,high,hard,88.9
538,24,other,bba,5.05,61.5,yes,7.6,poor,group study,high,hard,67.3
539,21,female,b.com,0.18,88.9,yes,5.7,poor,coaching,medium,moderate,43.3
540,17,other,b.tech,7.36,91.2,yes,5.2,average,online videos,high,moderate,90.6
541,24,female,bca,0.08,73.8,yes,5.4,average,self-study,high,hard,33.7
542,17,other,b.tech,1.28,87.1,no,4.2,good,mixed,high,moderate,56.1
543,17,male,b.com,2.08,63.8,yes,8.7,poor,coaching,high,hard,62.8
544,19,male,b.sc,3.68,72.0,yes,9.0,average,coaching,medium,moderate,73.1
545,21,female,b.tech,2.4,84.7,yes,7.7,good,group study,medium,hard,66.2
546,23,male,ba,5.1,55.2,yes,4.8,good,self-study,low,easy,64.4
547,20,female,b.sc,6.99,40.6,no,6.7,average,mixed,high,easy,85.7
548,18,female,b.com,3.89,40.6,yes,5.6,average,online videos,low,moderate,53.8
549,21,female,b.tech,0.9,56.9,yes,4.2,poor,self-study,low,hard,46.2
550,20,other,b.com,2.5,94.4,no,8.9,poor,group study,medium,moderate,47.4
551,18,other,b.com,1.75,42.8,yes,4.1,poor,group study,medium,moderate,34.5
552,23,male,ba,4.94,63.4,no,7.6,average,coaching,medium,moderate,63.4
553,18,male,bca,7.89,63.2,yes,4.7,good,online videos,medium,easy,67.1
554,21,female,ba,3.66,99.4,yes,7.6,average,coaching,medium,easy,77.1
555,21,other,b.sc,1.18,99.4,yes,5.0,average,self-study,low,moderate,34.2
556,21,male,b.tech,2.95,98.9,yes,7.0,poor,mixed,low,moderate,62.4
557,17,male,b.sc,1.98,62.6,yes,8.7,good,self-study,low,moderate,48.5
558,18,other,bca,7.34,88.9,yes,8.8,good,self-study,medium,moderate,89.2
559,18,other,diploma,5.66,50.4,yes,9.2,good,group study,high,hard,73.6
560,17,female,b.com,3.25,70.3,yes,4.5,good,online videos,low,moderate,49.4
561,23,male,b.tech,7.63,92.0,yes,4.1,good,self-study,medium,moderate,97.3
562,22,other,b.sc,7.0,53.1,yes,4.1,average,online videos,high,moderate,74.4
563,24,other,b.com,4.88,74.2,yes,4.1,good,self-study,medium,hard,71.9
564,22,other,diploma,2.52,60.3,yes,7.3,poor,group study,low,easy,40.4
565,18,female,b.tech,7.19,50.9,yes,9.6,average,self-study,medium,easy,68.0
566,19,male,bca,4.88,74.0,yes,8.4,good,online videos,medium,easy,72.7
567,20,male,bba,0.98,64.3,yes,4.9,average,online videos,high,hard,29.8
568,23,other,b.sc,2.38,73.5,yes,4.1,average,self-study,medium,moderate,49.4
569,21,other,diploma,4.56,43.8,yes,4.9,good,self-study,medium,moderate,44.4
570,21,other,b.com,6.69,97.9,yes,6.7,good,self-study,high,hard,88.5
571,22,male,bca,7.71,61.4,yes,7.6,good,group study,medium,moderate,88.7
572,22,male,b.com,7.43,78.5,yes,6.0,average,online videos,high,easy,77.2
573,22,female,bba,1.53,66.9,yes,4.1,poor,self-study,low,easy,35.6
574,21,male,ba,7.55,90.4,yes,4.8,average,mixed,low,easy,91.7
575,18,female,ba,0.31,50.0,yes,4.8,poor,online videos,low,hard,19.599
576,24,male,b.tech,3.04,81.6,yes,8.9,good,self-study,medium,hard,71.2
577,24,male,b.tech,0.83,47.2,yes,7.2,good,coaching,medium,moderate,67.8
578,22,other,b.com,0.4,60.4,yes,5.5,good,mixed,medium,moderate,58.0
579,22,female,b.tech,3.23,94.0,yes,8.1,good,coaching,medium,moderate,64.4
580,18,female,b.tech,6.4,68.2,yes,9.5,good,self-study,high,easy,88.1
581,23,male,b.sc,6.23,70.6,yes,6.7,good,self-study,medium,easy,80.4
582,20,other,b.sc,5.67,97.9,yes,5.2,poor,group study,low,moderate,59.1
583,23,female,b.tech,2.44,80.0,yes,5.5,good,mixed,low,moderate,59.5
584,20,female,b.com,1.24,96.1,yes,4.1,poor,self-study,low,moderate,47.7
585,21,other,b.tech,3.65,54.5,yes,4.1,poor,self-study,medium,moderate,32.1
586,24,male,ba,1.65,41.8,yes,5.6,average,group study,high,easy,22.0
587,17,male,bca,2.78,77.3,yes,7.8,average,mixed,high,moderate,61.7
588,24,female,b.com,4.11,71.3,yes,4.6,poor,group study,low,hard,56.3
589,24,male,b.sc,7.91,73.6,no,6.2,average,self-study,low,easy,61.6
590,21,female,b.sc,6.76,90.2,yes,9.2,poor,mixed,low,hard,87.1
591,21,other,bba,2.79,61.8,yes,5.6,average,self-study,medium,moderate,50.4
592,22,female,b.sc,0.61,74.0,yes,6.0,average,self-study,medium,moderate,31.4
593,24,female,b.com,7.28,61.2,yes,5.2,good,self-study,low,easy,61.7
594,20,male,bca,5.41,73.1,yes,8.4,poor,self-study,medium,moderate,70.9
595,24,male,b.sc,0.08,91.2,yes,4.6,average,online videos,high,moderate,48.0
596,22,other,b.sc,1.01,69.1,yes,4.1,poor,mixed,medium,hard,37.0
597,21,other,b.sc,6.23,99.4,yes,8.6,good,self-study,high,easy,81.6
598,18,female,ba,7.05,82.1,yes,6.6,poor,mixed,low,moderate,73.1
599,20,female,b.com,7.53,58.2,yes,8.8,good,self-study,medium,moderate,77.2
600,21,other,b.sc,0.31,82.0,no,5.0,good,coaching,medium,moderate,38.0
601,21,male,ba,3.14,84.2,yes,5.4,poor,coaching,low,moderate,40.7
602,22,female,b.tech,1.46,40.6,yes,6.3,average,group study,high,easy,46.3
603,19,female,ba,6.48,98.0,no,8.5,good,group study,medium,easy,87.3
604,22,other,b.tech,4.94,52.0,yes,7.2,average,coaching,low,moderate,68.3
605,18,female,b.sc,4.67,56.2,yes,5.3,poor,group study,high,easy,61.3
606,22,female,b.sc,0.59,96.2,yes,9.7,poor,group study,high,moderate,54.1
607,19,female,b.com,3.81,66.3,yes,6.5,good,mixed,high,moderate,82.9
608,17,female,diploma,1.42,53.9,no,9.5,average,coaching,medium,moderate,72.5
609,20,other,diploma,6.41,54.1,no,7.4,average,coaching,high,easy,83.9
610,20,other,b.sc,2.47,44.1,yes,8.5,average,self-study,low,moderate,42.5
611,22,female,bba,7.22,73.6,yes,9.6,poor,online videos,medium,easy,97.5
612,20,male,b.com,4.06,77.4,yes,6.4,poor,mixed,medium,moderate,63.0
613,24,other,bba,4.29,81.2,yes,6.8,good,coaching,medium,moderate,88.7
614,24,other,bca,1.46,74.4,yes,5.8,poor,mixed,medium,moderate,41.6
615,22,male,b.sc,5.76,56.4,yes,7.6,poor,group study,high,easy,60.8
616,17,other,bca,4.58,86.0,yes,6.0,good,coaching,medium,easy,85.9
617,17,male,ba,6.23,52.4,yes,6.6,average,self-study,high,easy,66.6
618,23,other,b.sc,7.74,78.6,yes,8.8,good,mixed,low,hard,90.7
619,23,female,bca,7.11,48.6,yes,8.8,good,coaching,low,easy,76.8
620,20,female,bba,1.23,99.4,yes,8.4,poor,online videos,medium,moderate,37.8
621,24,male,bca,5.64,97.0,yes,8.0,average,online videos,medium,moderate,84.2
622,18,other,b.sc,3.64,90.0,yes,9.8,average,mixed,medium,easy,56.6
623,17,male,b.com,3.06,96.7,yes,9.4,good,online videos,high,easy,82.3
624,18,other,diploma,2.92,52.7,yes,9.3,good,self-study,low,moderate,44.8
625,22,other,b.com,3.1,77.8,yes,6.4,good,self-study,high,moderate,54.8
626,20,other,b.tech,4.29,63.3,yes,8.4,poor,group study,low,easy,68.7
627,18,female,bca,6.64,83.3,yes,8.1,poor,mixed,high,easy,69.6
628,22,other,b.tech,4.01,80.4,yes,8.7,good,group study,high,easy,68.4
629,19,male,b.sc,4.69,49.5,yes,7.4,good,group study,high,moderate,68.9
630,24,male,bca,7.34,92.2,yes,9.7,average,online videos,high,easy,93.8
631,22,other,b.com,6.26,77.7,yes,8.5,good,self-study,medium,moderate,82.5
632,17,male,bca,5.5,53.5,yes,6.8,poor,coaching,medium,moderate,56.3
633,20,male,bca,2.29,88.6,yes,5.0,average,coaching,high,moderate,61.0
634,17,male,b.tech,2.53,42.7,yes,7.4,poor,mixed,medium,moderate,22.6
635,23,male,bba,7.02,77.0,yes,8.1,poor,mixed,medium,moderate,72.9
636,23,female,bca,0.31,90.7,yes,4.7,good,online videos,low,moderate,45.0
637,19,male,b.com,3.38,99.4,yes,6.8,average,mixed,low,moderate,61.4
638,22,other,b.sc,1.34,55.8,yes,5.2,average,online videos,medium,easy,34.9
639,24,female,bca,5.43,50.8,yes,9.4,good,mixed,medium,hard,61.4
640,24,female,diploma,1.1,53.5,yes,5.6,poor,coaching,high,moderate,39.0
641,22,female,bca,7.91,97.7,yes,4.7,poor,mixed,high,moderate,94.0
642,23,other,bba,6.8,61.0,yes,4.8,average,mixed,high,easy,72.6
643,19,female,b.sc,5.83,68.0,yes,5.1,good,self-study,medium,moderate,55.1
644,21,male,bba,1.4,83.2,yes,6.4,good,coaching,medium,moderate,61.7
645,17,male,ba,5.31,75.1,yes,7.0,poor,coaching,medium,easy,59.2
646,23,female,b.sc,0.08,80.3,yes,4.8,good,mixed,medium,moderate,30.0
647,17,male,bba,3.37,97.5,no,9.8,poor,coaching,medium,moderate,76.3
648,20,female,bca,3.35,71.1,yes,7.5,average,coaching,medium,moderate,64.5
649,22,male,b.tech,0.26,85.4,yes,8.8,poor,group study,low,easy,35.0
650,24,female,b.com,7.05,68.2,yes,9.2,poor,coaching,high,hard,71.2
651,18,other,b.com,6.91,83.3,yes,7.2,poor,group study,medium,easy,81.5
652,24,female,b.com,4.2,92.4,yes,9.4,average,coaching,high,easy,84.7
653,19,other,diploma,6.43,81.6,yes,7.8,average,group study,medium,moderate,89.1
654,17,female,b.tech,2.02,86.1,yes,7.8,poor,online videos,high,moderate,57.0
655,20,other,bca,5.77,84.4,yes,4.4,good,mixed,medium,easy,88.8
656,23,male,bba,4.66,90.9,yes,8.7,poor,coaching,medium,moderate,69.3
657,19,female,b.com,0.37,58.4,yes,4.5,average,self-study,medium,moderate,30.8
658,24,female,b.sc,5.26,74.8,yes,5.6,average,mixed,high,easy,82.3
659,21,other,bca,1.46,76.1,yes,5.9,good,coaching,high,easy,52.6
660,22,female,b.com,0.32,85.8,yes,9.7,average,self-study,high,easy,47.7
661,19,female,bca,0.4,99.4,yes,9.8,average,coaching,medium,easy,81.1
662,24,female,b.sc,4.69,49.2,yes,4.6,good,mixed,low,moderate,55.7
663,21,male,b.tech,7.33,98.3,yes,7.1,poor,mixed,high,moderate,81.5
664,24,other,ba,2.16,92.6,yes,8.8,poor,self-study,low,moderate,52.3
665,22,female,b.sc,6.3,62.6,no,9.3,poor,group study,high,easy,78.9
666,18,female,bba,2.03,53.9,yes,7.0,good,coaching,high,moderate,63.6
667,24,female,b.sc,0.91,99.4,yes,9.6,good,self-study,medium,hard,57.3
668,23,female,diploma,2.28,44.7,yes,7.1,poor,online videos,low,hard,31.1
669,23,other,b.sc,7.58,98.9,yes,9.9,good,self-study,low,moderate,90.9
670,17,female,bba,7.5,63.8,yes,8.5,good,mixed,high,moderate,100.0
671,17,male,b.tech,5.31,45.5,yes,8.4,poor,self-study,low,moderate,37.0
672,21,other,b.com,6.5,83.9,yes,9.7,good,self-study,medium,easy,75.7
673,22,female,bca,3.5,85.9,yes,7.3,poor,mixed,low,moderate,36.1
674,22,other,ba,5.7,91.6,yes,4.7,poor,coaching,high,moderate,81.1
675,23,female,b.tech,6.01,81.9,yes,6.7,good,self-study,high,moderate,76.8
676,18,male,b.sc,4.95,63.7,yes,5.6,poor,mixed,high,hard,47.7
677,20,female,b.tech,5.33,53.4,yes,9.4,good,online videos,high,moderate,61.1
678,20,other,b.sc,0.71,82.1,yes,7.7,average,online videos,low,moderate,39.5
679,17,male,b.sc,4.69,43.2,no,7.4,poor,group study,low,easy,44.7
680,17,other,diploma,1.07,44.4,yes,7.9,poor,coaching,high,easy,57.5
681,19,female,ba,0.38,62.6,yes,5.1,poor,online videos,medium,moderate,33.7
682,21,female,diploma,1.21,49.6,yes,6.8,average,self-study,medium,easy,50.6
683,23,female,bba,7.36,98.3,yes,9.9,good,online videos,medium,easy,97.8
684,22,male,b.tech,6.13,41.5,yes,9.7,average,mixed,medium,easy,73.5
685,22,female,b.sc,7.72,75.3,yes,6.3,poor,online videos,high,moderate,96.8
686,19,female,bba,1.47,54.6,yes,8.9,poor,online videos,medium,moderate,39.2
687,19,other,b.tech,0.08,80.2,no,9.4,good,group study,low,easy,46.5
688,17,male,b.sc,5.45,76.7,yes,6.8,average,online videos,low,moderate,67.0
689,24,male,bba,7.73,54.0,yes,4.4,poor,self-study,high,easy,66.3
690,18,female,b.sc,4.62,40.8,yes,5.6,good,mixed,low,hard,55.0
691,22,other,bba,3.93,96.4,yes,8.6,average,online videos,high,moderate,74.9
692,21,other,diploma,2.91,89.9,yes,7.4,average,coaching,low,moderate,57.6
693,23,male,b.sc,3.02,96.0,yes,9.7,average,self-study,low,easy,68.6
694,18,female,b.sc,6.35,82.0,no,6.0,average,coaching,high,moderate,85.5
695,24,male,b.sc,7.47,64.6,yes,4.3,good,self-study,low,moderate,59.9
696,21,male,bba,4.87,84.5,yes,8.0,average,group study,low,moderate,58.9
697,24,other,bba,4.87,52.4,yes,9.3,poor,self-study,high,hard,38.9
698,17,female,b.sc,5.06,78.4,yes,5.3,good,group study,low,easy,75.5
699,19,other,b.tech,2.06,78.5,yes,6.5,average,self-study,low,easy,46.4
700,23,female,b.sc,4.96,49.6,no,8.2,good,coaching,low,easy,79.4
701,23,female,b.tech,5.15,61.0,yes,4.9,average,self-study,medium,easy,77.0
702,22,female,b.tech,5.71,99.1,yes,8.6,good,coaching,low,easy,86.3
703,18,male,b.com,6.78,65.2,yes,9.5,good,online videos,high,hard,100.0
704,19,male,b.sc,3.37,49.4,yes,8.1,poor,mixed,high,easy,55.6
705,18,male,b.com,3.64,74.5,yes,7.6,average,group study,high,easy,59.1
706,24,female,b.tech,6.32,97.3,no,7.7,average,self-study,medium,moderate,82.2
707,18,male,b.sc,7.47,96.9,yes,7.0,average,online videos,low,moderate,76.3
708,18,female,b.sc,4.69,94.9,yes,8.7,poor,online videos,high,easy,47.4
709,19,male,b.tech,0.94,61.8,yes,5.6,good,self-study,low,moderate,21.4
710,18,male,bca,4.46,99.4,yes,7.1,poor,mixed,low,moderate,67.7
711,20,male,bca,0.69,50.1,yes,9.1,average,coaching,medium,easy,47.0
712,21,male,b.tech,0.17,83.2,yes,7.8,poor,coaching,high,easy,44.5
713,22,other,bba,6.34,90.3,yes,9.1,poor,mixed,medium,hard,93.0
714,20,other,b.sc,3.31,91.9,yes,9.1,average,group study,high,hard,84.3
715,18,other,ba,1.26,81.9,yes,5.1,average,self-study,low,moderate,45.0
716,22,other,b.com,4.88,82.4,no,8.7,poor,self-study,low,moderate,56.7
717,23,male,b.com,7.63,96.4,yes,5.8,poor,self-study,low,moderate,80.8
718,21,female,ba,6.41,65.3,yes,7.8,good,group study,low,easy,59.5
719,19,other,bba,1.52,46.4,yes,4.4,good,coaching,high,moderate,56.2
720,22,male,bba,4.98,59.8,yes,5.4,poor,mixed,high,moderate,63.6
721,23,other,bba,2.22,63.1,yes,5.9,poor,mixed,high,moderate,29.6
722,24,other,b.sc,0.3,79.6,yes,9.8,poor,group study,high,hard,52.4
723,17,other,bba,7.24,45.0,no,6.4,good,group study,low,moderate,58.3
724,22,other,diploma,0.08,75.4,yes,4.3,poor,self-study,low,hard,29.6
725,23,male,bba,7.0,72.7,no,8.1,good,self-study,medium,hard,76.8
726,21,male,b.tech,1.69,76.7,yes,6.4,good,coaching,medium,moderate,61.1
727,19,male,b.com,7.86,78.9,yes,6.4,good,self-study,low,moderate,94.5
728,18,female,b.sc,4.24,67.7,yes,5.5,good,mixed,high,easy,65.3
729,20,male,diploma,0.12,53.5,yes,7.2,poor,mixed,high,moderate,45.2
730,23,male,diploma,0.31,98.9,yes,5.3,good,group study,low,moderate,55.5
731,19,male,b.tech,7.8,70.0,yes,9.0,poor,coaching,high,easy,95.3
732,23,female,b.sc,1.7,83.7,yes,5.4,average,mixed,high,easy,63.5
733,24,male,b.sc,2.93,69.4,yes,5.8,good,online videos,low,hard,48.3
734,21,female,bba,2.2,66.6,yes,9.6,poor,online videos,low,moderate,57.6
735,20,female,diploma,2.81,57.2,yes,4.5,average,group study,high,hard,49.4
736,23,other,b.sc,2.27,41.0,yes,6.0,average,coaching,low,easy,57.4
737,21,male,bca,1.69,42.0,yes,5.2,average,online videos,medium,easy,38.6
738,24,other,diploma,3.38,93.1,no,7.9,good,mixed,medium,moderate,68.3
739,20,other,bca,2.02,40.8,yes,8.9,poor,mixed,medium,moderate,38.3
740,19,male,b.com,0.41,84.0,no,4.2,average,mixed,high,easy,33.5
741,18,male,b.com,2.74,86.3,yes,4.8,poor,mixed,medium,moderate,49.3
742,21,female,b.tech,5.68,90.7,yes,4.6,good,group study,high,easy,100.0
743,23,other,bba,4.44,89.0,yes,8.0,poor,online videos,medium,hard,69.6
744,20,female,b.com,5.84,46.8,yes,8.5,good,mixed,medium,moderate,65.7
745,18,other,b.tech,3.33,48.8,yes,6.8,poor,online videos,low,moderate,43.3
746,22,female,bba,7.91,84.8,yes,8.4,average,group study,high,moderate,100.0
747,21,male,b.tech,6.24,54.4,yes,6.6,good,online videos,low,moderate,68.8
748,23,other,ba,6.39,89.5,yes,9.0,poor,self-study,high,hard,89.3
749,23,female,b.tech,0.14,93.2,yes,5.3,average,online videos,low,moderate,28.7
750,24,female,b.sc,7.4,48.3,yes,8.6,average,online videos,medium,moderate,69.1
751,17,male,b.tech,6.38,57.5,no,8.8,average,group study,high,easy,66.9
752,24,other,b.tech,1.29,99.4,yes,5.1,poor,coaching,low,moderate,41.1
753,20,other,ba,7.73,57.0,yes,5.8,average,online videos,low,moderate,59.5
754,19,female,b.tech,3.0,74.5,yes,7.9,poor,coaching,low,easy,52.7
755,21,male,bca,1.02,51.3,yes,6.5,good,online videos,high,easy,53.8
756,21,other,b.sc,6.62,89.4,yes,9.2,poor,online videos,high,hard,81.2
757,17,female,bba,0.32,63.9,yes,4.4,average,mixed,medium,moderate,51.6
758,19,female,b.com,3.62,93.7,yes,9.2,good,mixed,high,moderate,82.6
759,24,male,diploma,4.83,48.0,yes,5.1,poor,group study,medium,moderate,47.4
760,22,other,bba,4.09,73.6,yes,9.2,poor,coaching,low,moderate,57.3
761,19,female,b.tech,1.04,61.6,yes,6.7,poor,mixed,low,easy,37.8
762,17,other,b.com,6.13,45.6,yes,9.4,poor,group study,low,moderate,61.6
763,24,other,bca,6.62,78.1,yes,7.2,good,group study,low,moderate,81.7
764,21,other,ba,5.87,74.3,yes,6.2,good,group study,high,moderate,68.0
765,22,other,b.com,2.9,70.4,yes,9.9,poor,coaching,low,moderate,53.4
766,20,female,bca,0.42,54.8,yes,6.5,average,mixed,medium,moderate,38.7
767,24,male,b.com,5.12,98.3,yes,5.1,good,coaching,low,moderate,78.9
768,21,male,bca,5.69,70.6,yes,9.7,poor,mixed,medium,hard,75.9
769,19,other,bca,6.18,96.1,yes,4.8,average,mixed,low,moderate,80.5
770,19,female,b.tech,3.94,74.3,yes,6.7,poor,online videos,high,moderate,62.8
771,24,female,bca,0.08,63.8,yes,8.4,poor,group study,medium,moderate,33.0
772,24,other,bca,1.73,67.2,no,7.2,poor,self-study,medium,hard,27.2
773,17,other,b.com,2.98,89.4,yes,5.3,poor,coaching,low,easy,59.9
774,24,other,b.com,0.95,79.0,yes,6.1,average,online videos,low,moderate,41.1
775,17,other,b.sc,2.83,80.7,yes,8.5,average,online videos,low,easy,48.9
776,17,female,b.com,5.61,99.0,yes,9.4,good,self-study,medium,easy,73.6
777,19,other,b.com,5.13,60.7,yes,8.5,average,coaching,high,easy,67.2
778,18,other,bba,3.64,55.7,yes,8.5,average,self-study,high,moderate,59.1
779,19,other,ba,0.64,83.3,yes,4.5,poor,self-study,medium,moderate,21.4
780,19,female,b.sc,2.71,70.3,yes,9.4,poor,group study,low,moderate,50.7
781,23,male,b.sc,4.1,64.0,yes,5.3,average,mixed,medium,easy,70.8
782,20,male,bca,4.79,66.8,yes,4.5,poor,mixed,medium,moderate,56.7
783,20,male,b.sc,0.08,67.3,yes,5.3,poor,group study,high,moderate,19.599
784,22,other,b.sc,2.55,68.4,yes,9.9,good,mixed,high,hard,75.7
785,19,male,b.sc,1.18,55.8,yes,7.2,poor,coaching,medium,moderate,42.1
786,17,other,b.com,1.92,44.6,yes,5.5,average,group study,medium,hard,39.8
787,23,other,b.com,4.98,48.7,no,8.5,good,group study,medium,moderate,64.4
788,22,male,b.tech,7.49,60.7,yes,5.6,average,mixed,medium,moderate,55.3
789,20,female,b.sc,3.0,79.6,no,7.2,average,mixed,low,moderate,52.9
790,21,female,ba,7.01,92.2,yes,6.1,good,coaching,high,moderate,84.1
791,22,male,b.tech,1.68,97.9,yes,8.4,good,self-study,high,moderate,59.1
792,17,other,b.sc,2.58,95.5,yes,8.7,poor,online videos,high,easy,66.0
793,17,other,bca,5.86,80.1,yes,9.4,poor,mixed,medium,easy,68.6
794,21,other,b.sc,1.75,75.8,yes,6.9,average,coaching,high,moderate,69.8
795,24,female,b.tech,3.86,62.9,yes,5.8,average,mixed,medium,moderate,48.4
796,20,male,b.tech,7.46,56.4,yes,9.7,average,group study,low,hard,73.3
797,18,female,b.tech,0.49,87.0,yes,7.1,average,coaching,low,easy,52.9
798,19,other,b.tech,4.77,77.1,yes,5.6,average,mixed,medium,easy,77.8
799,20,male,b.tech,4.43,88.8,yes,4.1,good,online videos,high,moderate,63.8
800,24,female,bba,7.23,56.5,yes,4.5,poor,self-study,low,moderate,64.1
801,23,female,diploma,3.17,73.1,yes,6.6,poor,group study,medium,moderate,57.2
802,18,male,b.tech,0.9,93.9,yes,4.1,poor,group study,low,moderate,23.4
803,18,male,b.sc,2.03,76.3,yes,6.6,average,self-study,low,moderate,47.9
804,18,other,b.tech,1.19,50.7,yes,7.4,average,online videos,low,hard,46.4
805,18,other,diploma,0.24,77.6,yes,9.3,poor,mixed,low,moderate,51.9
806,21,other,b.sc,2.96,76.0,yes,8.8,average,coaching,high,moderate,89.4
807,23,female,b.com,0.24,69.1,yes,8.3,average,coaching,medium,moderate,47.6
808,18,male,bba,1.39,53.7,yes,9.0,average,coaching,medium,moderate,66.6
809,21,other,b.sc,4.85,58.4,yes,9.4,good,self-study,high,moderate,53.2
810,21,other,b.sc,0.9,65.1,yes,4.2,good,self-study,medium,moderate,45.3
811,18,female,bba,7.37,65.3,no,9.3,poor,coaching,medium,easy,63.2
812,24,male,ba,7.91,98.7,yes,9.8,good,group study,low,easy,83.1
813,21,female,b.tech,5.2,99.4,yes,5.7,average,coaching,high,moderate,78.2
814,20,other,b.com,5.23,55.1,no,8.6,good,mixed,medium,easy,64.1
815,18,other,bca,4.6,61.0,yes,5.8,poor,online videos,low,easy,41.4
816,21,male,ba,5.78,80.3,no,5.9,good,mixed,medium,moderate,81.5
817,21,male,diploma,4.56,67.5,yes,7.4,poor,mixed,low,moderate,46.0
818,20,other,b.tech,3.19,82.3,yes,8.6,poor,coaching,low,moderate,54.5
819,21,other,b.com,3.06,86.3,yes,9.2,average,group study,low,easy,59.0
820,20,other,ba,7.86,74.5,yes,7.6,average,self-study,medium,hard,74.5
821,22,male,bba,5.84,91.9,yes,5.0,average,online videos,low,moderate,68.3
822,22,other,b.sc,3.68,74.7,yes,6.4,poor,coaching,high,easy,60.0
823,21,female,b.com,6.67,74.8,yes,6.7,average,self-study,medium,easy,68.7
824,24,male,b.tech,7.91,73.0,yes,6.2,average,self-study,low,moderate,88.0
825,23,female,b.com,0.08,93.4,yes,5.2,poor,online videos,high,easy,43.8
826,24,other,bca,6.9,53.1,yes,6.5,poor,coaching,medium,moderate,79.1
827,20,female,b.com,3.44,58.9,yes,6.7,poor,online videos,high,moderate,33.0
828,22,male,bca,5.88,84.8,yes,5.3,poor,online videos,low,hard,70.7
829,18,other,b.sc,7.24,94.6,yes,6.5,poor,group study,low,hard,62.9
830,24,male,b.sc,4.85,88.4,yes,8.6,poor,mixed,medium,easy,74.6
831,21,female,bca,6.41,79.2,yes,6.7,good,coaching,low,easy,73.0
832,18,other,ba,7.79,59.4,yes,8.7,good,coaching,low,moderate,81.9
833,22,female,bca,2.94,64.4,yes,8.4,good,online videos,low,hard,44.5
834,24,other,b.sc,3.55,82.8,yes,6.4,average,online videos,high,moderate,76.7
835,20,other,bca,0.27,99.4,yes,7.9,poor,coaching,high,moderate,54.1
836,18,male,bca,7.07,88.5,yes,8.7,poor,self-study,high,easy,82.4
837,23,female,b.sc,3.3,62.4,yes,9.4,good,self-study,high,moderate,68.0
838,21,female,b.tech,1.53,65.3,no,6.9,poor,self-study,high,easy,37.5
839,18,male,b.com,1.98,89.4,yes,5.9,average,online videos,high,moderate,42.5
840,22,other,ba,1.62,44.9,yes,9.5,good,mixed,high,moderate,51.7
841,23,male,bba,3.38,52.4,yes,9.6,average,coaching,low,moderate,65.7
842,19,male,b.tech,7.91,84.3,yes,5.3,average,self-study,medium,moderate,94.1
843,19,female,b.sc,4.65,50.3,yes,9.5,poor,mixed,low,moderate,65.5
844,19,male,ba,4.76,76.8,yes,6.0,good,coaching,high,easy,98.5
845,21,other,bca,3.05,62.1,yes,9.7,average,coaching,medium,moderate,58.4
846,18,male,bba,4.0,81.9,no,9.0,good,online videos,low,moderate,62.4
847,23,male,b.tech,1.78,68.2,yes,8.6,average,online videos,high,moderate,51.6
848,20,male,ba,4.39,48.1,yes,8.3,average,online videos,medium,moderate,47.6
849,22,other,bba,2.3,88.2,yes,9.5,good,coaching,low,moderate,59.6
850,17,male,b.com,2.87,64.8,yes,9.8,good,mixed,low,hard,56.3
851,22,other,ba,7.79,80.8,yes,8.7,good,coaching,medium,easy,100.0
852,17,male,bca,2.39,61.3,yes,8.0,good,group study,low,easy,60.5
853,22,male,b.sc,3.36,99.4,yes,6.5,average,self-study,low,moderate,61.6
854,21,male,b.com,1.28,50.8,yes,5.9,poor,mixed,low,easy,32.0
855,18,male,b.com,7.72,58.7,no,9.6,poor,mixed,medium,moderate,82.3
856,20,other,bba,7.8,90.1,yes,6.1,poor,group study,medium,easy,88.1
857,23,female,bca,7.91,91.4,yes,9.1,good,self-study,high,easy,96.8
858,17,male,ba,0.91,99.3,yes,8.7,average,group study,low,hard,46.4
859,23,female,bba,2.27,93.8,yes,6.1,average,group study,medium,moderate,61.2
860,22,female,b.tech,0.97,46.2,yes,8.5,poor,coaching,high,hard,37.0
861,22,male,b.sc,6.98,79.9,yes,6.1,good,coaching,medium,hard,100.0
862,21,male,b.com,4.02,55.4,yes,6.7,good,online videos,low,moderate,62.4
863,18,female,bba,5.91,71.8,yes,5.9,average,group study,low,easy,56.2
864,18,other,ba,2.54,41.7,yes,6.0,average,self-study,medium,hard,22.2
865,17,female,b.sc,3.73,66.5,yes,7.4,poor,group study,low,hard,61.3
866,22,female,b.sc,7.91,99.4,yes,8.9,poor,mixed,high,moderate,100.0
867,22,female,b.sc,2.16,61.0,yes,4.3,poor,group study,high,hard,57.8
868,21,male,b.tech,3.26,98.0,yes,6.2,good,mixed,high,hard,62.5
869,18,other,b.sc,0.66,41.3,yes,9.5,average,online videos,low,moderate,35.7
870,19,female,bca,0.08,94.6,yes,8.4,average,group study,high,hard,46.1
871,18,other,b.tech,4.32,75.3,yes,8.2,good,coaching,medium,moderate,85.5
872,20,male,b.sc,6.37,89.4,yes,9.0,poor,coaching,low,moderate,85.6
873,20,female,b.tech,0.54,64.4,yes,6.1,good,self-study,high,hard,56.5
874,21,male,diploma,1.18,58.6,yes,5.6,average,group study,high,moderate,30.5
875,19,other,b.tech,5.18,70.7,yes,6.4,good,online videos,high,moderate,79.7
876,21,other,bca,5.36,97.5,yes,8.2,average,online videos,low,easy,88.6
877,23,other,b.com,0.08,84.9,yes,8.9,poor,mixed,low,moderate,37.1
878,20,other,b.sc,5.87,55.5,yes,6.1,good,mixed,low,moderate,58.8
879,23,other,b.com,0.4,94.9,yes,8.2,average,self-study,low,moderate,74.1
880,18,other,bca,1.29,61.7,yes,7.2,poor,group study,high,moderate,40.6
881,19,other,b.com,3.54,68.3,yes,9.2,poor,group study,high,easy,58.1
882,23,other,b.tech,7.21,48.7,yes,8.7,good,group study,low,moderate,71.6
883,21,female,bba,1.34,53.8,yes,9.7,average,coaching,high,moderate,42.2
884,18,female,b.com,1.03,87.1,yes,5.9,poor,coaching,medium,easy,65.0
885,23,other,b.tech,5.85,50.3,yes,9.6,good,coaching,low,moderate,67.8
886,19,female,b.tech,6.03,61.6,yes,9.5,good,group study,medium,moderate,81.8
887,19,other,b.sc,1.79,99.4,yes,5.3,poor,self-study,low,hard,49.2
888,19,other,bba,5.01,76.8,yes,5.4,good,mixed,medium,moderate,63.0
889,20,male,bca,3.54,70.7,yes,8.3,average,self-study,low,moderate,39.6
890,20,male,b.com,7.82,46.4,yes,7.6,good,coaching,low,easy,77.1
891,23,female,b.tech,3.4,89.2,no,8.2,good,self-study,high,hard,86.6
892,17,female,ba,3.0,77.2,yes,9.4,average,self-study,medium,moderate,52.7
893,19,female,b.sc,1.11,52.0,yes,9.0,good,group study,high,easy,36.7
894,21,male,diploma,2.48,46.6,yes,7.0,average,coaching,low,moderate,46.1
895,21,other,b.com,0.41,99.4,yes,4.2,poor,group study,medium,moderate,41.8
896,24,male,b.tech,6.76,56.2,yes,8.7,good,online videos,medium,easy,100.0
897,18,male,ba,3.79,99.4,yes,5.8,average,mixed,high,easy,76.4
898,22,other,bca,1.27,48.7,yes,7.1,poor,group study,high,moderate,33.2
899,23,male,b.sc,1.64,49.6,yes,7.5,good,online videos,high,moderate,43.2
900,20,other,bca,4.64,71.8,yes,6.0,good,self-study,low,moderate,61.1
901,24,male,b.sc,5.07,76.3,yes,8.2,poor,group study,low,easy,57.3
902,21,male,ba,3.25,65.6,yes,8.8,poor,group study,low,moderate,49.5
903,23,other,b.tech,7.89,77.9,no,7.1,poor,mixed,high,easy,94.5
904,23,female,bba,0.08,72.8,yes,8.5,average,online videos,high,moderate,49.2
905,23,male,b.com,2.69,44.7,yes,4.3,poor,coaching,medium,moderate,65.8
906,20,other,bba,7.91,80.5,yes,4.2,poor,online videos,low,easy,82.8
907,24,other,b.com,1.22,85.5,yes,5.7,poor,mixed,high,easy,55.1
908,24,female,b.com,7.91,83.1,yes,7.7,poor,coaching,high,easy,91.2
909,23,other,bba,3.49,96.2,yes,7.1,poor,mixed,low,moderate,62.7
910,20,male,b.sc,2.92,82.9,yes,6.2,poor,coaching,medium,moderate,53.9
911,20,other,diploma,0.62,79.8,yes,8.6,good,online videos,low,moderate,48.3
912,17,male,bba,7.72,99.1,yes,6.2,average,self-study,medium,moderate,79.1
913,20,other,b.com,0.71,60.0,yes,9.5,average,coaching,medium,hard,50.8
914,22,male,b.sc,0.64,48.7,yes,7.0,poor,self-study,high,moderate,32.0
915,21,male,b.tech,7.25,97.4,yes,5.6,average,coaching,medium,moderate,97.6
916,22,male,b.tech,7.1,55.3,yes,7.5,poor,coaching,low,easy,68.8
917,23,other,b.com,2.48,46.4,yes,9.5,good,group study,high,hard,61.6
918,18,other,b.tech,1.67,44.9,yes,8.4,good,group study,low,moderate,44.6
919,23,female,diploma,4.46,83.4,yes,8.8,poor,group study,medium,moderate,51.6
920,19,female,bca,5.95,71.8,yes,4.5,good,group study,medium,easy,95.7
921,17,female,bca,2.62,40.7,yes,4.6,average,group study,medium,moderate,47.7
922,19,other,b.tech,5.62,99.4,yes,7.1,average,group study,medium,moderate,91.4
923,24,female,b.com,7.41,40.6,yes,7.2,poor,mixed,medium,moderate,73.8
924,23,other,b.tech,0.3,73.0,yes,7.7,poor,self-study,low,moderate,35.3
925,21,female,b.com,3.09,60.1,no,5.3,average,online videos,medium,easy,48.8
926,18,female,bca,1.85,46.7,yes,9.7,good,coaching,high,moderate,57.2
927,19,other,diploma,2.1,55.3,yes,8.9,poor,online videos,high,moderate,37.8
928,22,male,diploma,3.88,69.3,yes,4.5,average,group study,low,easy,47.2
929,22,other,bca,1.05,91.1,no,8.8,good,group study,medium,moderate,53.9
930,20,other,b.com,2.91,99.4,yes,5.8,average,coaching,low,easy,75.8
931,19,other,b.sc,4.18,81.9,yes,9.3,poor,online videos,medium,moderate,53.9
932,17,female,b.sc,3.72,43.2,yes,8.8,poor,group study,medium,easy,36.1
933,23,female,bba,5.02,68.1,yes,5.7,average,mixed,medium,easy,79.4
934,22,female,ba,1.0,61.3,yes,7.8,average,group study,high,moderate,61.5
935,21,other,b.tech,0.1,88.8,yes,8.5,average,coaching,medium,moderate,42.7
936,21,other,b.com,4.38,92.0,yes,4.3,poor,group study,medium,easy,57.8
937,20,female,diploma,3.59,98.4,no,6.6,good,self-study,high,moderate,73.7
938,22,female,b.tech,6.14,87.0,yes,8.4,average,mixed,low,hard,72.2
939,24,male,b.tech,7.17,47.5,yes,9.3,poor,coaching,low,moderate,67.2
940,20,male,b.com,7.91,78.1,yes,8.7,good,coaching,high,moderate,100.0
941,22,other,bca,3.57,97.7,yes,7.6,poor,self-study,low,easy,62.5
942,19,other,b.sc,2.61,79.5,yes,6.2,poor,group study,high,moderate,49.4
943,18,other,ba,7.45,55.3,yes,5.1,average,self-study,low,moderate,68.8
944,19,female,b.sc,5.88,52.9,yes,4.6,average,online videos,high,moderate,52.1
945,17,other,bca,2.2,68.7,yes,5.2,good,online videos,high,easy,70.1
946,21,male,b.com,5.71,80.9,yes,9.5,good,coaching,low,easy,74.0
947,20,male,ba,7.4,59.9,yes,5.9,poor,coaching,high,easy,60.2
948,18,male,b.sc,0.24,41.3,yes,4.2,poor,mixed,low,hard,19.599
949,23,male,diploma,2.88,96.9,yes,8.8,poor,self-study,low,easy,45.0
950,20,other,b.tech,3.27,69.5,yes,5.2,average,group study,medium,hard,48.2
951,17,male,b.tech,0.08,48.4,yes,5.4,good,self-study,high,moderate,22.5
952,19,other,b.sc,6.39,88.7,yes,8.6,average,coaching,low,easy,92.3
953,18,female,bba,3.42,93.6,yes,6.0,average,online videos,medium,moderate,77.0
954,17,other,ba,5.64,88.9,yes,4.4,average,online videos,high,moderate,74.6
955,18,male,bca,0.64,87.9,yes,5.9,poor,group study,low,moderate,44.6
956,23,male,bca,5.64,98.8,yes,8.8,good,self-study,medium,moderate,83.8
957,18,male,b.com,0.92,98.3,yes,9.3,poor,group study,medium,moderate,46.7
958,18,male,bba,2.34,75.1,yes,6.3,good,mixed,medium,hard,59.9
959,21,male,b.com,1.22,42.8,yes,4.7,good,mixed,medium,moderate,42.5
960,18,female,bba,7.46,57.3,no,9.1,good,coaching,medium,moderate,97.2
961,21,female,b.tech,6.23,85.4,yes,7.3,good,mixed,medium,moderate,88.1
962,22,other,bca,2.87,60.7,yes,8.3,good,coaching,low,moderate,54.6
963,20,other,b.tech,5.56,69.3,yes,7.7,average,mixed,medium,easy,77.4
964,20,male,b.com,5.35,47.7,yes,4.5,poor,mixed,low,easy,56.5
965,17,male,bca,2.14,69.7,yes,7.5,poor,mixed,medium,hard,47.5
966,18,other,b.sc,1.05,72.1,yes,9.6,average,coaching,medium,moderate,49.6
967,21,female,ba,7.91,83.8,yes,9.4,good,mixed,medium,easy,100.0
968,18,female,bca,5.23,78.0,yes,9.8,average,group study,medium,hard,73.1
969,17,female,bca,1.06,57.1,yes,7.6,good,group study,medium,moderate,42.5
970,18,other,bca,2.48,88.1,yes,8.4,good,group study,high,easy,55.1
971,22,other,b.sc,0.51,52.1,yes,8.8,poor,mixed,low,moderate,27.9
972,24,other,b.tech,7.62,66.6,yes,9.3,average,mixed,medium,moderate,78.3
973,20,male,bca,1.53,89.5,yes,4.2,good,online videos,medium,moderate,50.2
974,19,male,b.com,4.77,61.0,yes,9.6,poor,group study,low,easy,52.9
975,22,male,bca,5.26,82.0,yes,8.5,average,mixed,high,easy,78.6
976,23,female,b.tech,1.92,79.4,yes,5.1,average,mixed,medium,moderate,54.6
977,20,other,bca,7.27,51.8,yes,8.0,poor,self-study,medium,moderate,69.8
978,19,female,b.com,5.39,59.6,yes,9.6,poor,coaching,high,easy,98.0
979,21,male,bca,3.98,81.4,yes,8.9,good,coaching,low,easy,82.6
980,24,other,bca,7.12,84.7,yes,5.4,poor,coaching,low,moderate,76.8
981,19,male,diploma,0.63,99.4,yes,4.4,good,self-study,low,hard,57.5
982,18,other,ba,7.91,88.4,yes,4.8,good,group study,low,easy,100.0
983,22,other,bca,1.75,76.0,yes,9.9,average,online videos,low,easy,39.9
984,20,male,bba,7.71,50.0,yes,9.8,good,mixed,high,easy,75.9
985,24,male,bca,4.75,94.6,no,9.9,average,self-study,medium,hard,62.1
986,23,other,ba,5.88,86.0,yes,7.9,average,mixed,low,easy,83.4
987,22,other,b.com,1.98,68.0,yes,9.9,good,mixed,high,hard,53.2
988,19,other,b.sc,0.59,66.3,yes,9.7,good,group study,medium,moderate,36.9
989,19,other,diploma,5.14,59.8,yes,9.0,good,coaching,high,moderate,79.7
990,20,male,bca,1.32,41.7,yes,5.6,poor,group study,high,easy,24.0
991,18,other,b.tech,3.96,90.5,yes,5.2,good,self-study,high,moderate,79.1
992,17,other,b.com,7.91,54.4,yes,6.1,good,self-study,high,hard,87.2
993,22,other,bca,3.73,78.9,yes,6.6,average,mixed,low,hard,59.5
994,21,male,diploma,4.61,71.5,yes,6.8,poor,coaching,low,moderate,54.2
995,22,female,b.sc,4.79,44.6,yes,6.1,average,coaching,high,moderate,61.7
996,24,male,b.com,6.4,57.9,yes,9.7,good,coaching,medium,moderate,69.7
997,17,male,b.com,0.08,92.3,yes,5.3,good,coaching,high,hard,46.9
998,22,other,ba,6.25,69.4,yes,7.7,average,self-study,low,moderate,68.4
999,23,other,bca,5.01,66.9,yes,9.9,good,mixed,low,moderate,61.2
